3040051	les Escaldes	les Escaldes	Ehskal'des-Ehndzhordani,Escaldes,Escaldes-Engordany,Les Escaldes,esukarudesu=engorudani jiao qu,lai sai si ka er de-en ge er da,Эскальдес-Энджордани,エスカルデス＝エンゴルダニ教区,萊塞斯卡爾德-恩戈爾達,萊塞斯卡爾德－恩戈爾達	42.50729	1.53414	P	PPLA	AD		08				15853		1033	Europe/Andorra	2008-10-15
3041563	Andorra la Vella	Andorra la Vella	Ando-la-Vyey,Andora,Andora la Vela,Andora la Velja,Andora lja Vehl'ja,Andoro Malnova,Andorra,Andorra Tuan,Andorra a Vella,Andorra la Biella,Andorra la Vella,Andorra la Vielha,Andorra-a-Velha,Andorra-la-Vel'ja,Andorra-la-Vielye,Andorre-la-Vieille,Andò-la-Vyèy,Andòrra la Vièlha,an dao er cheng,andolalabeya,andwra la fyla,Ανδόρρα,Андора ла Веля,Андора ла Веља,Андора ля Вэлья,Андорра-ла-Велья,אנדורה לה וולה,أندورا لا فيلا,አንዶራ ላ ቬላ,アンドラ・ラ・ヴェリャ,安道爾城,안도라라베야	42.50779	1.52109	P	PPLC	AD		07				20430		1037	Europe/Andorra	2010-05-30
290594	Umm al Qaywayn	Umm al Qaywayn	Um al Quweim,Umm al Qaiwain,Umm al Qawain,Umm al Qaywayn,Yumul al Quwain,am alqywyn,أم القيوين	25.56473	55.55517	P	PPLA	AE		07				44411		2	Asia/Dubai	2012-01-18
291074	Ra’s al Khaymah	Ra's al Khaymah	Julfa,Khaimah,Ra's al Khaymah,Ras al Khaima,Ras al Khaimah,Ra’s al Khaymah,Rās al Khaima,ras alkhymt,رأس الخيمة	25.78953	55.9432	P	PPLA	AE		05				115949		2	Asia/Dubai	2012-01-18
291696	Khawr Fakkān	Khawr Fakkan	Fakkan,Fakkān,Khawr Fakkan,Khawr Fakkān,Khawr al Fakkan,Khawr al Fakkān,Khor Fakhan,Khor Fakkan,Khor Fakkān,Khor al Fakhan,Khor al Fakkan,Khor al Fākhān,Khorfakan,Khorfakhan,Port Khor Fakkan	25.33132	56.34199	P	PPL	AE		06				33575		20	Asia/Dubai	2012-01-18
292223	Dubai	Dubai	DXB,Dabei,Dibai,Dibay,Doubayi,Dubae,Dubai,Dubai emiraat,Dubaj,Dubajo,Dubajus,Dubay,Dubayy,Dubaï,Dúbæ,Fort Dabei,dby,dbyy,di bai,dobai,du bai,duba'i,dubai,dubi,tupay,Дубаи,Дубай,דובאי,دبئی,دبي,دبی,दुबई,துபாய்,ดูไบ,ドバイ,杜拜,迪拜,두바이	25.25817	55.30472	P	PPLA	AE		03				1137347		11	Asia/Dubai	2012-02-03
292239	Dibā	Diba	Daba,Daba al-Hisn,Dabā,Dabā al-Ḥiṣn,Diba,Diba al Hisn,Dibah,Dibba,Dibba Al'-Khisn,Dibbah,Dibā,Dibā al Ḩişn,Dībā al Ḩişn,Hisn Diba,Husn Dibba,Дибба Аль-Хисн,Ḩişn Dibā	25.61955	56.27291	P	PPL	AE		06				26395		4	Asia/Dubai	2012-01-18
292672	Sharjah	Sharjah	Al Sharjah,Ash 'Mariqah,Ash Shariqa,Ash Shariqah,Ash Shāriqa,Ash Shāriqah,Ash ’Mariqah,Ash-Shariqah' emiraat,Ash-Shāriqah' emiraat,Sarjo,Schardscha,Shardzha,Sharga,Sharijah,Shariqah,Sharja,Sharjah,Sharzha,Shārijah,Shāriqah,Shārja,alsharqt,carja,sharjh,sharqt,sharuja,xia er jia,Ŝarĵo,Шарджа,Шаржа,שארג'ה,الشارقة,شارجه,شارقة,சார்ஜா,シャールジャ,夏尔迦	25.35731	55.4033	P	PPLA	AE		06				543733		12	Asia/Dubai	2012-01-18
292688	Ar Ruways	Ar Ruways	Ar Ru'ays,Ar Ruways,Ar Ru’ays,Ruwais	24.11028	52.73056	P	PPL	AE	AE	01				16000		16	Asia/Dubai	2012-01-18
292878	Al Fujayrah	Al Fujayrah	Al Fujayrah,Al-Fudjayra,Al-Fujayrah' emiraat,Fudschaira,Fudzhejra,Fujaira,Fujairah,Fujajro,Fujayrah,Fuĵajro,alfjyrt,fjyrt,fu ji la,fujaira,Фуджейра,الفجيرة,فجيرة,フジャイラ,富吉拉	25.11641	56.34141	P	PPLA	AE		04				62415		15	Asia/Dubai	2012-01-18
292913	Al ‘Ayn	Al `Ayn	Al Ain,Al Ajn,Al `Ayn,Al ‘Ayn,Al'-Ajn,Al-Ain,Al-Ayn,Аль-Айн,العين	24.19167	55.76056	P	PPL	AE		01				408733		275	Asia/Dubai	2012-01-18
292932	`Ajmān	`Ajman	Ajman,Al Ajman,`Ujman,`Ujmān	25.41111	55.43504	P	PPLA	AE		02				226172		4	Asia/Dubai	2009-03-03
292953	Adh Dhayd	Adh Dhayd	Adh Dhaid,Adh Dhayd,Al Daid,Al-Dhayd,Dayd,Dhaid,Dhayd,Duhayd,Ihaid,aldhyd,الذيد,Ḑayd	25.28812	55.88157	P	PPL	AE		06				24716		114	Asia/Dubai	2012-01-18
292968	Abu Dhabi	Abu Dhabi	AEbu Saby,Abu Dabi,Abu Dabis,Abu Dhabi,Abu Dhabi emiraat,Abu Zabi,Abu Zaby,Abu Zabye,Abu Zabyo,Abu Ḑabi,Abu-Dabi,Abu-Dabio,Abud Dhabi,Abú Dabí,Abú Dhabí,Abú Zabí,Abū Z̧aby,Abū Z̧abye,Abū Z̧abyo,Abū Z̧abī,Ampou Ntampi,Emirato de Abu Dabi,a bu zha bi,abudabi,abwzby,Äbu Saby,Αμπου Νταμπι,Αμπού Ντάμπι,Абу Даби,Абу-Даби,Абу-Дабі,אבו דאבי,أبوظبي,アブダビ,阿布扎比,아부다비	24.46667	54.36667	P	PPLC	AE		01				603492		6	Asia/Dubai	2012-01-18
1123004	Taloqan	Taloqan	Khanabad,Taikhan,Taleqan,Talikan,Talikhan,Taliqan,Talkan,Taloqan,Talugan,Talukan,Taluqan,Tologan,Tāleqān,Tāloqān,Tāluqān,Tālīqān,talqan,Таликан,تالقان	36.73605	69.53451	P	PPLA	AF		26				64256		801	Asia/Kabul	2012-01-14
1125155	Shīnḏanḏ	Shindand	Asfazar,Asfazār,Sabzavar,Sabzavār,Sabzawar,Sabzevar,Sabzevār,Shindand,Shīndand,Shīnḏanḏ,Sindand,shyndnd,Šīndand,Шинданд,شيندند,شیندند,شینډنډ	33.30294	62.1474	P	PPLA2	AF		11				29264		1071	Asia/Kabul	2012-02-28
1125444	Shibirghān	Shibirghan	Seberghan,Sebeṟghān,Shahr-e Sheberghan,Shahr-e Sheberghān,Shayurgan,Shebergan,Sheberghan,Sheberghān,Sheberkhan,Shefrogan,Shibarghan,Shibarghān,Shibergan,Shibirghan,Shibirghān,shbrghan,shbrghn,Шеберган,شبرغان,شبرغن	36.66757	65.7529	P	PPLA	AF		31				55641		360	Asia/Kabul	2012-01-16
1125896	Shahrak	Shahrak	Bati Dara,Kala Shaharak,Kala Shahrak,Kala Shahārak,Markaz-e Shahrak,Qal`eh Shaharak,Qal`eh-ye Bati Darrah,Qala Bati Dara,Qala Batī Dara,Qala Shaharak,Qala Shahārak,Qala Sharak,Qal‘eh Shahārak,Qal‘eh-ye Bati Darrah,Sahrak,Shahrag,Shahrak,Shakhrak,Sharak,Shāhrag,Shāhrak,Wala Shahrak,shhrk,Šahrak,شهرک	34.10738	64.3052	P	PPLA2	AF		09				15967		2357	Asia/Kabul	2012-02-28
1127110	Sar-e Pul	Sar-e Pul	Sar-e Pol,Sar-e Pul,Sar-i-Pul,Sari-Pul',sr pl,Сари-Пуль,سر پل	36.21544	65.93249	P	PPLA	AF		33				52121		636	Asia/Kabul	2012-01-16
1127628	Sang-e Chārak	Sang-e Charak		35.84972	66.43694	P	PPL	AF		33				15377		1483	Asia/Kabul	2006-01-27
1127768	Aībak	Aibak	Aibak,Aybak,Aībak,Eybak,Haibak,Samagan,Samangan,Samangān,aybk,smngan,Āybak,Саманган,آیبک,ایبک,سمنگان	36.26468	68.01551	P	PPLA	AF		32				47823		969	Asia/Kabul	2012-01-16
1128265	Rustāq	Rustaq	Rostaq,Rostāq,Rustak,Rustaq,Rustāq,rstaq,رستاق,Ṟustāq	37.12604	69.83045	P	PPLA2	AF		26				25636		1314	Asia/Kabul	2012-02-28
1129516	Qarqīn	Qarqin	Karkin,Karkin Bazar,Kkhanika,Qarkin,Qarqin,Qarqīn,Quarkin,qrqyn,Кханика,قرقین	37.41853	66.04358	P	PPLA2	AF		31				15018		263	Asia/Kabul	2012-02-28
1129648	Qarāwul	Qarawul	Hazrat Imam,Hazrat Imam Saiyid,Hazrat Imām,Karaul,Qaravol,Qarawul,Qarāvol,Qarāwul,Qaṟāwul,qrawl,قراول	37.22019	68.78041	P	PPL	AF		24				24544		337	Asia/Kabul	2012-01-16
1130490	Pul-e Khumrī	Pul-e Khumri	Pol-e Khomri,Pol-e Khomrī,Pul-e Khumri,Pul-e Khumrī,Pul-i-Khomri,Pul-i-Khumri,Pule Khumri,Pule Khumṟi,Puli-Khumri,pl khmry,Пули-Хумри,پل خمری	35.94458	68.71512	P	PPLA	AF		03				56369		638	Asia/Kabul	2012-01-16
1131316	Paghmān	Paghman	Paghman,Paghman Palace,Paghmān,Pagman,Пагман	34.5875	68.95333	P	PPL	AF		13				49157		2311	Asia/Kabul	2012-01-16
1132495	Nahrīn	Nahrin	Nahrin,Nahrīn,Nakhrin,Narain,Narin,Narīn,nhryn,Нахрин,نهرین	36.0649	69.13343	P	PPLA2	AF		03				22363		1138	Asia/Kabul	2012-02-28
1133453	Maymana	Maymana	Maimana,Maimanah,Maimāna,Maymana,Maīmanah,Mejmene,Meymaneh,Mimana,mai ma na,mymnh,Меймене,میمنه,迈马纳	35.92139	64.78361	P	PPLA	AF		07				75900	877	864	Asia/Kabul	2010-08-16
1133574	Mehtar Lām	Mehtar Lam	Laghman,Mehtar Lam,Mehtar Lām,Mekhtarlam,Metarlam,Mir Talam Saheb Ziarat,Mitarlam,Miterlam,Mīr Talām Şāḩeb Zīārat,Nawar Lam,Nāwar Lam,mhtr lam,Митарлам,مهتر لام	34.67139	70.20944	P	PPLA	AF		35				17345		795	Asia/Kabul	2012-01-16
1133616	Mazār-e Sharīf	Mazar-e Sharif	Masar-e Scharif,Mazar-e Sarif,Mazar-e Sharif,Mazar-e Šarif,Mazar-e-Sharif,Mazar-i Szarif,Mazar-i-Sharif,Mazare Srif,Mazari Sharif,Mazari-Sharif,Mazār-e Sharīf,Mazār-e Šarīf,Mazār-i-Sharīf,Mazāre S̄rīf,majaleu-isyalipeu,mazarisharifu,mzar shryf,Мазари-Шариф,مزار شريف,مزار شریف,マザーリシャリーフ,마자르이샤리프	36.70904	67.11087	P	PPLA	AF		30				303282		361	Asia/Kabul	2012-01-16
1134720	Lashkar Gāh	Lashkar Gah	Bist,Bost,Bust,Lashkar Gah,Lashkar Gāh,Lashkargah Bust,Lashkargakh,Laskargah,Las̲h̲kargāh Busṯ,Laškargāh,Nawab City,lshkr gah,لشكر گاه,لښکرگاه بسټ	31.59382	64.37161	P	PPLA	AF		10				43934		786	Asia/Kabul	2012-01-16
1135158	Kushk	Kushk	Kushk,Kusk,Kus̄k,Kūshk,kshk,Кушк,کشک	33.29565	61.95221	P	PPL	AF		11				16952		1115	Asia/Kabul	2012-01-16
1135689	Kunduz	Kunduz	Kondoz,Konduz,Kondūz,Kundus,Kunduz,Kundūz,Qonduz,Qondūz,Qunduz,Qunḏūz,Shahr-e Qondoz,kndwz,kndz,kundo~uzu zhou,kundujeu ju,qndz,Кундуз,قندز,كندز,کندوز,クンドゥズ州,쿤두즈 주	36.72896	68.857	P	PPLA	AF		24				161902		402	Asia/Kabul	2012-01-16
1136469	Khōst	Khost	Khost,Khowst,Khōst,Matun,Matūn,khwst,mtwn,Хост,خوست,متون	33.33951	69.92041	P	PPLA	AF		37				96123		1183	Asia/Kabul	2012-01-16
1136575	Khulm	Khulm	Bazar-e Khulm,Bāzār-e Khulm,Kholm,Khulm,Tashkurgan,Tashkurghan,Tashqorghan,Tashqurghan,Tāshkurghān,Tāshqorghān,Tāshqurghān,bazar khlm,khlm,tashqrghan,Ташкурган,بازار خلم,تاشقرغان,خلم	36.69736	67.69826	P	PPLA2	AF		30				64933		445	Asia/Kabul	2012-02-28
1136863	Khāsh	Khash	Khas,Khash,Khāsh,Khās̄,khash,خاش	31.52919	62.79055	P	PPL	AF		19				15133		579	Asia/Kabul	2012-01-16
1137168	Khanabad	Khanabad	Khanabad,Khānābād,Ханабад,خان آباد	36.6825	69.11556	P	PPL	AF		24				71531		503	Asia/Kabul	2009-03-03
1137807	Karukh	Karukh	Karokh,Karrukh,Karukh,Kaṟukh,krkh,کرخ	34.48108	62.5863	P	PPLA2	AF		11				17484		1340	Asia/Kabul	2012-02-28
1138336	Kandahār	Kandahar	Candahar,Kandagar,Kandahar,Kandaharo,Kandahār,Kandhar,Qandahar,Qandahār,Qanḏahāṟ,kan da ha,kandaharu,kndhar,qndhar,Кандагар,קנדאהר,قندهار,كندهار,カンダハール,坎大哈	31.61332	65.71013	P	PPLA	AF		23				391190		1007	Asia/Kabul	2012-01-16
1138958	Kabul	Kabul	Cabool,Caboul,Cabul,Cabul - kabl,Cabul - کابل,Cabúl,Caubul,Kabil,Kaboel,Kabol,Kaboul,Kabul,Kabula,Kabulas,Kabuli,Kabulo,Kabura,Kabúl,Kabûl,Kampoul,Kobul,Kubha,Kábul,Kābol,kabl,kabul,kabula,kabuli,kaburu,kabwl,kapul,ke bu er,khabul,Καμπούλ,Кабул,Кобул,Քաբուլ,קאבול,كابل,كابول,کابل,काबुल,কাবুল,காபூல்,คาบูล,ཀ་བུར,ქაბული,ካቡል,カブール,カーブル,喀布尔,카불	34.52813	69.17233	P	PPLC	AF		13				3043532		1798	Asia/Kabul	2010-05-30
1139715	Jalālābād	Jalalabad	Djelalabad,Dschalalabad,Dzalalabad,Dzhalalabad,Dzhelalabad,Dżalalabad,Jalakot,Jalal-Kut,Jalalabad,Jalalkoat,Jalalkot,Jalālkot,Jalālābād,Jelalabad,Tarun City,jalalabada,jlal abad,Джалалабад,جلال آباد,جلال‌آباد,জালালাবাদ	34.42647	70.45153	P	PPLA	AF		18				200331		575	Asia/Kabul	2012-01-16
1139807	Jabal os Saraj	Jabal os Saraj	Djabal-ul-Seradj,Dzhabal'-Ussaradzh,Dzhabal’-Ussaradzh,Jabal Saraj,Jabal os Saraj,Jabal os Sarāj,Jabal us Siraj,Jabal us Sirāj,Jabal-us-Sirai,Jabalussaraj,Jabalussaṟāj,Jabl-us-Seraj,Jabl-us-Siraj,Jabul Saraj,Jibal-as-Seraj,Parwan,jbl alsraj,جبل السراج	35.11833	69.23778	P	PPL	AF		40				15032		1612	Asia/Kabul	2010-03-29
1140026	Herāt	Herat	Gerat,Herat,Herāt,Hérat,Kherat,Shahr-e Herat,Shahr-e Herāt,he la te,herato,hrat,Герат,Херат,هرات,ヘラート,赫拉特	34.34817	62.19967	P	PPLA	AF		11				272806		927	Asia/Kabul	2012-01-16
1141089	Ghormach	Ghormach	Garmak,Ghormac,Ghormach,Ghormāch,Ghowrmach,Ghowrmāch,Ghōrmāc,Ghōrmāch,ghwrmch,غورماچ,غورمچ	35.73062	63.78264	P	PPLA2	AF		02	7052787			30000		659	Asia/Kabul	2011-12-21
1141269	Ghazni	Ghazni	Gazni,Ghazni,Ghaznī,Shahr-e Ghazni,Shahr-e Ghaznī,gazni,gazuni,ghznt,ghznyn,Газни,غزنة,غزنی,غزنین,ガズニー	33.55356	68.42689	P	PPLA	AF		08				141000		2181	Asia/Kabul	2008-04-09
1141540	Gereshk	Gereshk	Gereshk,Geresk,Gerešk,Girishk,Nahr-e Saraj,Nahr-e Sarāj,grshk,Герешк,گرشک	31.82089	64.57005	P	PPLA2	AF		10				43588		830	Asia/Kabul	2012-02-28
1141857	Gardēz	Gardez	Gardeyz,Gardez,Gardiz,Gardêz,Gardēz,Gardīz,Gaṟḏēz,grdyz,Гардез,گرديز,گردېز	33.59744	69.22592	P	PPLA	AF		36				103601		2308	Asia/Kabul	2012-01-16
1142170	Fayzabad	Fayzabad	Faizabad,Faizābād,Fajzabad,Faydz Abad,Fayḏẕ Ābāḏ,Fazelabad,Faīẕābād,Feyzabad,Feyẕābād,fyd abad,Файзабад,فیض آباد	37.11664	70.58002	P	PPLA	AF		01				44421		1210	Asia/Kabul	2010-08-16
1142264	Farāh	Farah	Farah,Farakh,Farāh,frah,فراه	32.37451	62.11638	P	PPLA	AF		06				43561		662	Asia/Kabul	2012-01-16
1142404	Kafir Qala	Kafir Qala	Eslam Qal`eh,Eslamqal`a,Eslamqal‘a,Eslām Qal‘eh,Islam Kala,Islam Killa,Islam Qal`ah,Islam Qala,Islām Kala,Islām Qala,Islām Qal‘ah,Kafar Qal`eh,Kafir Kala,Kafir Qala,Kāfar Qal‘eh	34.66667	61.06667	P	PPL	AF		11				18086		726	Asia/Kabul	2012-01-16
1145352	Charikar	Charikar	Caharikar,Carikar,Chaharikar,Chahārīkār,Chairkar,Charekar,Charikar,Chāirkār,Chārīkār,Cāṟikāṟ,Čahārikār,Чарикар,چاريكار	35.01361	69.17139	P	PPLA	AF		40				53676		1554	Asia/Kabul	2010-01-29
1147066	Barakī Barak	Baraki Barak	Barah Ki Barak,Barah Kī Barak,Baraki Barak,Baraki Burak,Barakibarak,Barakī Barak,Barqi Barq,brh ky brk,brky brk,بره کی برک,برکی برک	33.9675	68.94861	P	PPLA2	AF		17				22305		1937	Asia/Kabul	2012-02-28
1147290	Balkh	Balkh	Bactra,Bactresh,Bakhtar,Balch,Balh,Balhika,Balkh,Bamik,Bazirabad,Bkahdi,Bākhtar,Vazirabad,ba er he,blkh,Балх,Вазирабад,بلخ,巴尔赫	36.75635	66.8972	P	PPLA2	AF		30				114883		348	Asia/Kabul	2012-02-28
1147540	Baghlān	Baghlan	Baghlan,Baghlan - bghlan,Baghlan - بغلان,Baghlan-e Jadid,Baghlin,Baghlān,Baghlān-e Jadīd,Baglan,Bagolaggo,Sana `Ati,Sana`ati,bghlan,bghlan jdyd,Şanā ‘Ati,Şanā‘atī,Баглан,بغلان,بغلان جديد,صناعتی	36.13068	68.70829	P	PPLA2	AF		03				108449		531	Asia/Kabul	2012-02-28
1148106	Ārt Khwājah	Art Khwajah	Art Khvajeh (1),Art Khwajah,At Khvajeh,At Khwaja,art khwajh,Ārt Khwājah,Āt Khvājeh,Āt Khwāja,Āṟt Khvājeh (1),آرت خواجه	37.08571	69.47958	P	PPL	AF		26				18623		481	Asia/Kabul	2012-01-16
1148205	Āsmār	Asmar	Asma,Asmar,Asmār,asmar,Āsmā,Āsmār,آسمار,اسمار	35.03333	71.35809	P	PPLA2	AF		34				15708		913	Asia/Kabul	2012-02-28
1148311	Asadābād	Asadabad	Asadabad,Asadābād,Assad-Abad,Caghasaray,Chagha Serai,Chagha-Sari,Chaghah Saray,Chaghah Sarāy,Chaghasarai,Chaghasaray,Chaghasarāy,Chagsarai,Chegheh Saray,Chegheh Sarāy,Chigha Sarai,Chigha Sarāi,Chigha Serai,Chigkhasaray,asd abad,chghh sray,Čaghasarāy,Асадабад,اسد آباد,چغه سرای	34.87311	71.14697	P	PPLA	AF		34				48400		837	Asia/Kabul	2012-02-24
1148658	Andkhōy	Andkhoy	Andkhoi,Andkhoy,Andkhui,Andkhvoy,Andkhōy,Andkhōī,Andkhūi,Ankhoi,andkhwy,اندخوی	36.95293	65.12376	P	PPLA2	AF		07				29208		306	Asia/Kabul	2012-02-28
1469706	Markaz-e Woluswalī-ye Āchīn	Markaz-e Woluswali-ye Achin	Achin,Achin-Ulusvali,Acin Oluswali,Markaz-e Woluswali-ye Achin,Markaz-e Woluswalī-ye Āchīn,Āchīn,Āčīn Oluswāli,آچين	34.12583	70.70778	P	PPL	AF		18				15098		972	Asia/Kabul	2010-08-10
6692413	Cool űrhajó	Cool urhajo		34.26545	67.34516	P	PPL	AF		05				58525		2884	Asia/Kabul	2008-05-19
3576022	Saint John’s	Saint John's	Saint John,Saint John's,Saint John’s,Sent Dzonsas,Sent Džonsas,Sent Tzons,Sent-Dzhons,St Johns,St. John's,St.John.s,seinteujonseu,sentojonzu,sheng yue han,sheng yue han shi,snt g'wns,Σεντ Τζονς,Сент-Джонс,סנט ג'ונס,ሴንት ጆንስ፥ አንቲጋ እና ባርቡዳ,セントジョンズ,圣约翰,圣约翰市,세인트존스	17.11667	-61.85	P	PPLC	AG		04				24226		6	America/Antigua	2012-01-18
3573374	The Valley	The Valley	De Balei,The Valley,Valley,Valli,bare,deobaelli,Δε Βάλεϊ,Валли,ואלי,バレー,더밸리	18.21704	-63.05783	P	PPLC	AI		00				1169	7	19	America/Anguilla	2011-01-21
363243	Sarandë	Sarande	Agioi,Agioi Saranta,Ayii Saranda,Hagios Saranta,Porto Edda,Santa Quaranta,Santi Quaranta,Saranda,Sarande,Sarandë,Saranta,Zogaj,Άγιοι Σαράντα,Саранда	39.87556	20.00528	P	PPL	AL		51				15147		32	Europe/Tirane	2012-01-19
782661	Kukës	Kukes	Cucus,Kukes,Kukesi,Kuks,Kuksi,Kukuch,Kukus,Kukës,Kukësi,Кукес,Кукъс	42.07694	20.42194	P	PPLA	AL		47				17832		351	Europe/Tirane	2012-01-19
782756	Korçë	Korce	Corce,Corcë,Coritsa,Coritza,Coriza,Corizza,Corriza,Ghiortsa Corcia,Gorica,Goritsa,Korca,Korce,Korcha,Korche,Korcza,Korica,Korice,Koritsa,Koritza,Korrca,Korrce,Korrça,Korrçë,Korytsa,Korça,Korçë,Körice,Корча	40.61861	20.78083	P	PPLA	AL		46				58259		869	Europe/Tirane	2012-01-19
783148	Gjirokastër	Gjirokaster	Agirocastro,Arghirocastru,Arghyrocastro,Argirocastro,Argirokastro,Argyrokastro,Argyrokastron,Aryirokastro,Aryirokastron,Ergheni,Ergiri,Ghinokastre,Girokastra,Girokastro,Gjinokaster,Gjinokastra,Gjinokastre,Gjinokastrer,Gjinokastër,Gjirokaster,Gjirokastra,Gjirokastre,Gjirokastrë,Gjirokastër,ji nuo ka si te,Αργυρόκαστρο,Ђирокастра,Аргирокастро,Гирокастра,Гирокастро,吉诺卡斯特	40.07583	20.13889	P	PPLA	AL		45				23437		286	Europe/Tirane	2012-01-19
783263	Elbasan	Elbasan	Ehl'basan,Elbasan,Elbasani,Elbassan,Эльбасан	41.1125	20.08222	P	PPLA	AL		43				100903		128	Europe/Tirane	2012-01-19
783493	Burrel	Burrel	Burela,Burele,Bureli,Burelë,Burrel,Burrel',Burrele,Burreli,Burrelë,Буррель	41.61028	20.00889	P	PPL	AL		41				15405		315	Europe/Tirane	2012-01-19
3183719	Vlorë	Vlore	Au'lon,Au’lon,Avlon,Avlona,Avlonya,Vallona,Valona,Vl'ora,Vljora,Vlona,Vlone,Vlonë,Vlora,Vlore,Vlorë,Vļora,Валона,Вльора,Влёра	40.46667	19.48972	P	PPLA	AL		51				89546		2	Europe/Tirane	2012-01-19
3183875	Tirana	Tirana	Tiran,Tirana,Tirane,Tirano,Tiranë,Tirāna,Tyrana,Tyranna,Tírana,de la na,tilana,tirana,tyrana,tyrnh,Τίρανα,Тирана,Тырана,טירנה,تىرانا,تيرانا,ティラナ,地拉那,티라나	41.3275	19.81889	P	PPLC	AL		50				374801		113	Europe/Tirane	2012-02-28
3184081	Shkodër	Shkoder	Iskodra,Scutari,Shkoder,Shkodra,Shkodër,Skadar,Skodra,Szkodra,sqwdr,İşkodra,Škodra,Скадар,Шкодер,Шкодра,שקודר	42.06828	19.51258	P	PPLA	AL		49				88245		12	Europe/Tirane	2010-01-29
3184517	Patos Fshat	Patos Fshat	Patos Fshat,Patosi Fshat	40.64278	19.65083	P	PPL	AL		44				22679		157	Europe/Tirane	2012-01-19
3184862	Lushnjë	Lushnje	Ljushna Cod a Gomares,Ljushnja,Ljusnje,Ljušnje,Lousnia,Lushne,Lushnja,Lushnje,Lushnjë,Lusnje,Lušnje,Люшня	40.94194	19.705	P	PPL	AL		44				41469		22	Europe/Tirane	2012-01-19
3184935	Lezhë	Lezhe	Alessio,Lesh,Leshe,Leshi,Lezh,Lezha,Lezhe,Lezhë,Lisi,Ljes,Lješ,Lyesh,Лежа	41.78361	19.64361	P	PPLA	AL		48				18695		7	Europe/Tirane	2012-01-19
3185012	Laç	Lac	Lac,Laci,Lak,Latsch,Laç,Laçi,Лак	41.63556	19.71306	P	PPL	AL		48				24825		33	Europe/Tirane	2012-01-19
3185060	Kuçovë	Kucove	Kuchova,Kucova,Kucove,Kuçova,Kuçovë,Petrolia,Qyteti Stalin,Stalin,Кучова	40.80028	19.91667	P	PPL	AL		40				18166		58	Europe/Tirane	2012-01-19
3185082	Krujë	Kruje	Akcehisar,Akçehisar,Croia,Cruja,Krna,Kroia,Kroja,Kroya,Kroïa,Krue,Krueja,Kruja,Kruje,Krujë,Круе	41.50917	19.79278	P	PPL	AL		42				21286		509	Europe/Tirane	2012-01-19
3185211	Kavajë	Kavaje	Cavaia,Cavaja,Kavaia,Kavaj,Kavaja,Kavaje,Kavajë,Kavaïa,Кавайе,Кавая	41.18556	19.55694	P	PPL	AL		50				29354		19	Europe/Tirane	2012-01-19
3185670	Fier-Çifçi	Fier-Cifci		40.71667	19.56667	P	PPLX	AL		44				60995		17	Europe/Tirane	2007-05-30
3185672	Fier	Fier	Fearica,Fier,Fieri,Fjeri,fei xia er,Фиери,非夏爾	40.72389	19.55611	P	PPLA	AL		44				56297		20	Europe/Tirane	2012-01-19
3185728	Durrës	Durres	Drac,Drach,Drač,Duraso,Durazzo,Durehs,Dures,Duresi,Durres,Durresa,Durresi,Durrsi,Durrës,Durrësi,Durts,Durus,Durz,Durësi,Dyrrachio,Dyrrachium,Dyrrakhion,Dyrrhachium,Epidamnos,dou la si,do~urasu,dwrs,Δυρράχιο,Драч,Дуррес,Дуръс,Дурэс,דורס,ドゥラス,都拉斯	41.32306	19.44139	P	PPLA	AL		42				122034		13	Europe/Tirane	2012-01-19
3186084	Berat	Berat	Beligrad,Berat,Berati,Beration,Berta,Lezskigrad,Verati,Veration,berato,pei la te,Берат,בראט,ベラト,培拉特	40.70583	19.95222	P	PPLA	AL		40				46866		66	Europe/Tirane	2012-01-19
174875	Kapan	Kapan	Ghap'an,Ghap’an,Kafan,Kafin,Kapan,Katan,Madan,Qafan,Zangezur,kapan,Капан,Կապան,کاپان	39.20754	46.40576	P	PPLA	AM		08				33160		774	Asia/Yerevan	2012-01-17
174895	Goris	Goris	Geryusy,Goris,Горис,Գորիս	39.51288	46.33816	P	PPL	AM		08				20379		1377	Asia/Yerevan	2012-01-17
174972	Hats’avan	Hats'avan	Acavan,Atsavan,Hats'avan,Hats’avan,Sisian,Ацаван	39.46405	45.97047	P	PPL	AM		08				15208		1761	Asia/Yerevan	2012-01-17
174979	Artashat	Artashat	Artashat,Kamarl,Kamarlu,Kamarlyu,Арташат	39.96144	44.54447	P	PPLA	AM		02				20562		830	Asia/Yerevan	2012-01-17
174991	Ararat	Ararat	Ararat,Davalinskiy Tsemzavod,Арарат	39.83166	44.70489	P	PPL	AM		02				28832		822	Asia/Yerevan	2012-01-17
616052	Yerevan	Yerevan	Ayrivan,EREVAN,Ereban,Erehvan,Ereun,Erevan,Erevano,Ereván,Erewan,Erivan,Eriwan,Erywan,Erywań,Ierevan - Erevan,Iereván - Երեվան,Iravan,Jerevan,Jerevanas,Jereván,Revan,Yerevan,Yervandavan,Yiriwan,Yèrèvan,ayrwan,ereban,erevani,iyerebhana,shhr ayrwan,ye li wen,yeleban,yerevana,yryfan,Êrîvan,İrəvan,Ερεβάν,Єреван,Јереван,ЕРЕВАН,Ереван,Ерэван,Երեվան,Երևան,ירוואן,ایروان,شهر ایروان,يريفان,येरेवान,ইয়েরেভান,ერევანი,ዬሬቫን,エレバン,葉里溫,예레반	40.18111	44.51361	P	PPLC	AM		11				1093485		994	Asia/Yerevan	2012-01-17
616062	Ejmiatsin	Ejmiatsin	Artemed,Avan Vardgesi,EHCHMIADZIN,Echmiadzin,Echmiatsin,Ecmiadzin,Eczmiadzyn,Ejmiatsin,Etchmiadzine,Etschmiadsin,Ečmiadzin,Iejmiatsin,Kaynepolis,Kayrak'aghak',Kayrak’aghak’,Norak'aghak',Norak’aghak’,Uch'k'ilisa,Uch’k’ilisa,Uckilise,Vagarsapat,Vagarshapat,Vagharshapat,Valeroktista,Vardgesavan,achmyadzyn,echmiadzini,ehchmiadzin,Üçkilise,Вагаршапат,ЭЧМИАДЗИН,Эчмиадзин,Վաղարշապատ,اچمیادزین,ეჩმიაძინი	40.16557	44.29462	P	PPL	AM		03				49513		877	Asia/Yerevan	2012-01-17
616199	Spitak	Spitak	Amamlu,Amamth,Spitak,Спитак	40.8322	44.2673	P	PPL	AM		06				15059		1548	Asia/Yerevan	2012-01-17
616250	Sevan	Sevan	SEVAN,Sevan,Ssewan,Yelenovka,СЕВАН	40.5484	44.94868	P	PPL	AM		04				17083		1921	Asia/Yerevan	2012-01-17
616435	Masis	Masis	Hrazdan,Masis,Narimanlu,Razdan,Takhanshalu,Tokhanshalu,Ulukhanlu,Zangibasar,Масис	40.06762	44.43591	P	PPL	AM		02				18911		839	Asia/Yerevan	2012-01-17
616530	Vanadzor	Vanadzor	Gharak'ilisa,Gharak’ilisa,KIROVAKAN,Karakhs,Karakilis,Karaklis,Kirovakan,Kirowakan,Korovakan,Mets Karakilisa,Vanadzor,Vanajor,Wanadsor,Wanadzor,wanadzwr,Ванадзор,КИРОВАКАН,Վանաձոր,وانادزور	40.80456	44.4939	P	PPLA	AM		06				101098		1344	Asia/Yerevan	2012-01-14
616599	Gavarr	Gavarr	Gavar,Gavarr,KAMO,Kamo,Kyavar,Nor Bayazet,Nor-Bajaset,Novo Bayazet,Novyi Bayaset,КАМО	40.35398	45.12386	P	PPLA	AM		04				21680		1953	Asia/Yerevan	2012-01-17
616629	Hrazdan	Hrazdan	Akhta,Akhtala,Akhti,Hrazdan,Nerkin Akhta,Nizhne Akhti,Nizhniye Akhty,Nizhnyaya Akhta,Razdan,Раздан	40.49748	44.7662	P	PPLA	AM		05				40795		1762	Asia/Yerevan	2011-03-28
616631	Armavir	Armavir	Armavir,Hoktemberyan,Oktember,Oktemberyan,Sardar-Abad,Sardarapat,Октембер	40.15446	44.03815	P	PPLA	AM		03				25963		870	Asia/Yerevan	2012-01-17
616635	Gyumri	Gyumri	Alek'pol,Alek'sandrapol,Alek'sandrobol,Aleksandropol',Aleksandropol’,Alek’pol,Alek’sandrapol,Alek’sandrobol,Alexandropol',Alexandropol’,GJUMRI,Gimri,Giumri,Gjumri,Guemrue,Gumri,Gumru,Gumry,Gyumri,Gümrü,Kumayri,Kumri,Kyumayri,Kyumri,Kümri,Leninakan,gyumuri,gywmry,jiu mu li,ГЮМРИ,Гюмри,Гјумри,Գյումրի,گیومری,ギュムリ,久姆里	40.7942	43.84528	P	PPLA	AM		07				148381		1549	Asia/Yerevan	2012-01-17
616877	Ashtarak	Ashtarak	ASHTARAK,Achtarak,Aschtarak,Ashtarak,Ashtarakats' Gyugh,Ashtarakats’ Gyugh,Astarak,Aştarak,Aštarak,ashtarak,АШТАРАК,Аштарак,Աշտարակ,آشتاراک	40.2991	44.36204	P	PPLA	AM		01				18779		1142	Asia/Yerevan	2012-01-17
617026	Abovyan	Abovyan	ABOVJAN,Abovyan,Elar,АБОВЯН	40.26741	44.62656	P	PPL	AM		05				35673		1409	Asia/Yerevan	2012-01-17
145531	Saurimo	Saurimo	Henrique de Carvalho,Saurimo,Saurimu,Vila Henrique de Carvalho,Сауримо	-9.66078	20.39155	P	PPLA	AO		18				40498		1071	Africa/Luanda	2012-01-17
145724	Lucapa	Lucapa	Lucapa,Lukapa,Лукапа	-8.41915	20.74466	P	PPLA	AO		17				20115		955	Africa/Luanda	2012-01-17
876177	Luau	Luau	Luao,Luau,Teixeira de Sousa,Teixera de Sousa,Texeira-de Susa,Vila Teixeira de Sousa,Vila Teixeira de Souza,Vila Teixera de Souza,Vila Texeira de Sousa,Луау	-10.70727	22.22466	P	PPL	AO		14				18465		1106	Africa/Luanda	2012-01-17
2236568	Uíge	Uige	Carmona,Uige,Uije,Uizhe,Uíge,Vila Marchel Carmona,Уиже	-7.60874	15.06131	P	PPLA	AO		15				60008		825	Africa/Luanda	2011-10-28
2236967	Soio	Soio	Saint Antonio do Zaire,San Antonio,Santo Antoni,Santo Antonio do Zaire,Santo António do Zaire,Santo-Antonio,Santo-António,Sao Antonio,Sazaire,Soio,Soju,Soyo,São Antônio,Сойу	-6.1349	12.36894	P	PPL	AO		16				67491		10	Africa/Luanda	2012-01-17
2239001	Nzeto	Nzeto	Ambrisette,Ambrizete,Ambrizette,Nzeto,Нзето	-7.23116	12.8666	P	PPL	AO		16				18352		19	Africa/Luanda	2012-02-01
2239520	Mbanza Congo	Mbanza Congo	Mbanza Congo,Mbanza Kongo,San Salvador,Sao Salvador,Sao Salvador do Congo,São Salvador,São Salvador do Congo	-6.26703	14.2401	P	PPLA	AO		16				24220		544	Africa/Luanda	2012-01-17
2239862	Malanje	Malanje	Malandje,Malange,Malanje,Malanzhe,Маланже	-9.54015	16.34096	P	PPLA	AO		12				87046		1134	Africa/Luanda	2011-10-28
2240449	Luanda	Luanda	Loanda,Louanta,Luanda,Sao Paolo de Loanda,Sao Paulo da Assuncao de Luanda,Sao Paulo de Loanda,Sao Paulo de Luanda,São Paolo de Loanda,São Paulo da Assunção de Luanda,São Paulo de Loanda,São Paulo de Luanda,luanda,luo an da,lwanda,ruanda,Λουάντα,Луанда,לואנדה,لوآندا,ሏንዳ,ルアンダ,罗安达,루안다	-8.83682	13.23432	P	PPLC	AO		20				2776168		73	Africa/Luanda	2011-10-27
2242001	Caxito	Caxito	Caxito,Kashito,Kaxito,Кашито	-8.57848	13.66425	P	PPLA	AO		19				28224		20	Africa/Luanda	2011-10-28
2243271	Cabinda	Cabinda	Cabinda,Kabinda,Кабинда	-5.55	12.2	P	PPLA	AO		03				66020		1	Africa/Luanda	2012-01-17
3346015	Sumbe	Sumbe	Angungescapolo,Ngunza,Nova Redonda,Nova Redondo,Novo Redondo,Sumbe,Сумбе	-11.20605	13.84371	P	PPLA	AO		06				33277		10	Africa/Luanda	2012-01-17
3347019	Namibe	Namibe	Mocamedes,Mossamedes,Moçâmedes,Namibe,Намибе	-15.19611	12.15222	P	PPLA	AO		13				80149		13	Africa/Luanda	2012-01-17
3347353	Menongue	Menongue	Menonge,Serpa Pinto,Vila Serpa Pinto,Менонге	-14.6585	17.69099	P	PPLA	AO	AO	04				32203		1355	Africa/Luanda	2010-06-08
3347719	Luena	Luena	Luehna,Luena,Luene,Luso,Luzo,Vila Luso,Vila Luzo,Vila Luzu,Villa Luso,Луэна	-11.78333	19.91667	P	PPLA	AO		14				21115		1337	Africa/Luanda	2012-01-17
3347762	Lubango	Lubango	Lubango,Sa da Bandeira,Sá da Bandeira,Лубанго	-14.91717	13.4925	P	PPLA	AO		09				102541		1760	Africa/Luanda	2011-10-27
3347853	Longonjo	Longonjo	Congonjo,Logonzhu,Longonjo,Логонжу	-12.90667	15.25333	P	PPL	AO		08				24346		1424	Africa/Luanda	2012-01-17
3347939	Lobito	Lobito	Lobito,Lobitu,robito,Лобиту,ロビト	-12.34806	13.54556	P	PPL	AO		01				207932		8	Africa/Luanda	2012-01-17
3348078	Kuito	Kuito	Bie,Bihe,Bihé,Bié,Kuito,Silva Porto,Vila Salva Porto,Куито	-12.38333	16.93333	P	PPLA	AO		02				113624		1715	Africa/Luanda	2012-01-17
3348313	Huambo	Huambo	Huambo,Nova Lisboa,Uambo,Уамбо	-12.77611	15.73917	P	PPLA	AO		08				226145		1716	Africa/Luanda	2012-01-17
3350246	Catumbela	Catumbela	Asseiceira,Catumbela,Catumbella,Katumbela,Катумбела	-12.43139	13.54722	P	PPL	AO		01				16977		15	Africa/Luanda	2012-01-17
3350372	Catabola	Catabola	Catabola,Katabola,Nova Sintra,Катабола	-12.15	17.28333	P	PPL	AO		02				18855		1531	Africa/Luanda	2012-01-17
3351014	Camacupa	Camacupa	Camacupa,General Machado,General Machado Villa,General Mathado,Kamakupa,Machado,Vila General Machado,Камакупа	-12.01667	17.48333	P	PPL	AO		02				19150		1473	Africa/Luanda	2012-01-17
3351024	Caluquembe	Caluquembe	Caluquembe,Caluquembo,Caluquemo,Kalukembe,Калукембе	-13.78333	14.68333	P	PPL	AO		09				30300		1699	Africa/Luanda	2012-01-17
3351500	Caála	Caala	Caala,Cahala,Caála,Kaala,Kaale,Robert Williams,Roberto Williams,Vila Robert Williams,Каале	-12.8525	15.56056	P	PPL	AO		08				21205		1742	Africa/Luanda	2012-01-17
3351663	Benguela	Benguela	Bengela,Benguela,Benguella,Sao Felipe de Benguela,São Félipe de Benguela,ben ji la,Бенгела,本吉拉	-12.57626	13.40547	P	PPLA	AO		01				151226		11	Africa/Luanda	2011-10-28
3427213	Zárate	Zarate	General J.F. Uriburu,General Jose F. Uriburu,General José F. Uriburu,General Uriburu,Sarate,Saratė,Zarate,Zárate,Зарате	-34.09814	-59.02858	P	PPL	AR		01	3427212			88781		28	America/Argentina/Buenos_Aires	2012-01-18
3427388	Villa Ocampo	Villa Ocampo	Ocampo,Villa Ocampo	-28.48752	-59.35515	P	PPL	AR		21				19101		54	America/Argentina/Cordoba	2012-01-18
3427428	Villaguay	Villaguay	Villaguay	-31.8653	-59.02689	P	PPL	AR		08	3427426			32027		50	America/Argentina/Cordoba	2012-01-18
3427431	Villa Gesell	Villa Gesell	Vil'ja-Khesel',Вилья-Хесель	-37.26394	-56.97304	P	PPL	AR		01				23257		9	America/Argentina/Buenos_Aires	2010-04-25
3427761	Tigre	Tigre	Las Conchas,Tigre,Тигре	-34.42603	-58.57962	P	PPL	AR	AR	01	3427753			31106	2	8	America/Argentina/Buenos_Aires	2012-03-25
3427833	Tandil	Tandil	Tandil,Tandil',Тандиль	-37.32167	-59.13316	P	PPL	AR		01	3427832			104325		192	America/Argentina/Buenos_Aires	2012-01-18
3428068	San Vicente	San Vicente		-26.61667	-54.13333	P	PPL	AR		14				38247		603	America/Argentina/Cordoba	2010-05-31
3428071	Santo Tomé	Santo Tome	Santo Tome,Santo Tomé	-28.54939	-56.04077	P	PPL	AR		06				22634		81	America/Argentina/Cordoba	2012-01-18
3428359	Santa Elena	Santa Elena	Santa Elena	-30.94768	-59.78696	P	PPL	AR		08				18410		66	America/Argentina/Cordoba	2012-01-18
3428577	San Pedro	San Pedro		-26.62207	-54.10842	P	PPL	AR		14	3428569			23736		554	America/Argentina/Cordoba	2011-04-19
3428708	San Luis del Palmar	San Luis del Palmar		-27.5079	-58.55454	P	PPL	AR		06				15347		62	America/Argentina/Cordoba	2011-04-19
3428759	San Lorenzo	San Lorenzo		-28.13306	-58.76733	P	PPL	AR		06				47626		64	America/Argentina/Cordoba	2011-04-19
3428975	San Javier	San Javier		-30.57781	-59.9317	P	PPL	AR		21	3428973			15606		27	America/Argentina/Cordoba	2011-04-19
3429403	Saladas	Saladas		-28.25384	-58.62591	P	PPL	AR		06	3429402			18349		75	America/Argentina/Cordoba	2011-04-19
3429576	Retiro	Retiro	Retiro	-34.58333	-58.38333	P	PPLX	AR		07				38635		7	America/Argentina/Buenos_Aires	2012-01-18
3429577	Resistencia	Resistencia	Resistencia,Resistensija,Ресистенсия	-27.46056	-58.98389	P	PPLA	AR		03				387158		56	America/Argentina/Cordoba	2012-01-18
3429594	Reconquista	Reconquista	Reconquista,Rekonkista,Реконкиста	-29.15	-59.65	P	PPL	AR		21				90184		50	America/Argentina/Cordoba	2012-01-18
3429652	Quilmes	Quilmes	Kil'mes,Quilmes,Кильмес	-34.72418	-58.25265	P	PPL	AR		01	3429651			518788		24	America/Argentina/Buenos_Aires	2012-01-18
3429732	Puerto Rico	Puerto Rico	Libertador General San Martin,Libertador General San Martín,Puerto Libertador General San Martin,Puerto Libertador General San Martín,Puerto Rico,Puerto San Alberto	-26.79598	-55.02402	P	PPL	AR		14				17491		147	America/Argentina/Cordoba	2012-01-18
3429777	Puerto Iguazú	Puerto Iguazu	Eva Peron,Eva Perón,Iguassu,Iguazu,Iguazú,Puehrto-Iguasu,Puerto Aguirre,Puerto Iguazu,Puerto Iguazú,Puerto Igvasu,Пуэрто-Игуасу	-25.59912	-54.57355	P	PPLA4	AR	AR	14	3433487			32038		177	America/Argentina/Cordoba	2010-07-26
3429786	Puerto Esperanza	Puerto Esperanza	Esperanza,Puerto Esperanza	-26.01517	-54.67306	P	PPL	AR		14				15579		152	America/Argentina/Cordoba	2012-01-18
3429790	Puerto Eldorado	Puerto Eldorado	Eldorado,Puerto Eldorado	-26.40842	-54.69463	P	PPL	AR		14				54189		102	America/Argentina/Cordoba	2012-01-18
3429886	Posadas	Posadas	Posadas,Посадас	-27.36708	-55.89608	P	PPLA	AR		14				312060		127	America/Argentina/Cordoba	2012-02-21
3429902	Pontevedra	Pontevedra	Pontevedra	-34.74974	-58.68696	P	PPL	AR		01				33515		23	America/Argentina/Buenos_Aires	2012-02-02
